<?xml version="1.0" encoding="UTF-8"?>
<project-private xmlns="http://www.netbeans.org/ns/project-private/1">
    <editor-bookmarks xmlns="http://www.netbeans.org/ns/editor-bookmarks/2" lastBookmarkId="0"/>
    <open-files xmlns="http://www.netbeans.org/ns/projectui-open-files/2">
        <group>
            <file>file:/C:/Users/Anderson/Desktop/Proy_Restaurante_UTP_Liliana_Anderson/src/Componente_Funciones/AdministracionLabor.java</file>
            <file>file:/C:/Users/Anderson/Desktop/Proy_Restaurante_UTP_Liliana_Anderson/src/Clases/Carta.java</file>
            <file>file:/C:/Users/Anderson/Desktop/Proy_Restaurante_UTP_Liliana_Anderson/src/Componente_Funciones/VerLabor.java</file>
            <file>file:/C:/Users/Anderson/Desktop/Proy_Restaurante_UTP_Liliana_Anderson/src/Clases/Carta_productos.java</file>
            <file>file:/C:/Users/Anderson/Desktop/Proy_Restaurante_UTP_Liliana_Anderson/src/Componente_Funciones/Labor.java</file>
        </group>
    </open-files>
</project-private>
